SELECT lo_unlink(l.oid) FROM pg_largeobject_metadata l JOIN pg_roles r on l.lomowner = r.oid WHERE r.rolname = 'user1';
VACUUM;
INSERT INTO cart (id) VALUES (DEFAULT);
INSERT INTO cart (id) VALUES (DEFAULT);
INSERT INTO cart (id) VALUES (DEFAULT);
INSERT INTO cart (id) VALUES (DEFAULT);
INSERT INTO cart (id) VALUES (DEFAULT);
INSERT INTO users (username, password, cart_id) VALUES ('emilis', 'password123', 1);
INSERT INTO users (username, password, cart_id) VALUES ('titas', '12345678', 2);
INSERT INTO users (username, password, cart_id) VALUES ('simonas', '12345678', 3);
INSERT INTO users (username, password, cart_id) VALUES ('justas', '12345678', 4);
INSERT INTO users (username, password, is_admin, cart_id) VALUES ('admin', '12345678', true, 5);
INSERT INTO flower (name, price, photo, description, days_to_expire) VALUES ('Frezija', 1.00, 'frezija.jfif', 'Vilkdalginių (Iridaceae) šeimos daugiamečių svogūninių augalų gentis. Kilusi iš Kapo regiono pievų (Pietų Afrikos Respublika), dabar auginamos visame pasaulyje kaip dekoratyvinės gėlės.',  7);
INSERT INTO flower (name, price, photo, description,  days_to_expire) VALUES ('Gerbera', 1.90, 'gerbera.jfif', 'Astrinių (Asteraceae) šeimos augalų gentis. Natūraliai auga Pietų Amerikoje, Afrikoje, Madagaskare ir tropikinėje Azijoje.',  4);
INSERT INTO flower (name, price, photo, description,  days_to_expire) VALUES ('Gvazdikas', 1.50, 'gvazdikas.jfif', 'Gvazdikinių (Caryophyllaceae) šeimos augalų gentis, kuriai priklauso žoliniai augalai bei krūmokšniai. Jų stiebai turi sustorėjusius bamblius. Lapai siauri, linijiški arba lancetiški. Žiedai sukrauti žiedynuose. Vaisius – vienalizdė dėžutė, kuri atsidaro 4 sąvaromis. Daugiausia daugiamečiai augalai, keletas rūšių vienmečių ir dvimečių.',  5);
INSERT INTO flower (name, price, photo, description,  days_to_expire) VALUES ('Hiacintas', 1.20, 'hiacintas.jfif', 'Smidrinių (Asparagaceae) augalų gentis. Lietuvoje darželiuose auginama viena rūšis - rytinis hiacintas (Hyacinthus orientalis).',  2);
INSERT INTO flower (name, price, photo, description,  days_to_expire) VALUES ('Kalija', 3.40, 'kalija.jfif', 'Lelijažiedžių (Liliidae) poklasio vilkdalginių (Iridaceae) šeimos augalų gentis. Augalai daugiamečiai su svogūniškais gumbais. Stiebas nešakotas, kalavijo formos lapais (lot. gladius ''toks romėniškas kalavijas, gladijus''). Žiedynas – vienašalė ar dvišalė varpa.', 14);
INSERT INTO flower (name, price, photo, description,  days_to_expire) VALUES ('Kardelis', 2.10, 'kardelis.jfif', 'Aroninių (Araceae) šeimos Aroideae pošeimio augalų gentis. Paplitusi pietų Afrikoje iki Malavio šiaurinėje dalyje.',  4);
INSERT INTO flower (name, price, photo, description,  days_to_expire) VALUES ('Lelija', 2.40, 'lelija.jfif', 'Lelijinių (Liliaceae) šeimos augalų gentis, kuriai priklauso daugiametės svogūninės žolės, turinčios kiaušiniškus svogūnus ir stačius lapuotus stiebus. Lapai dažniausiai siauri, bekočiai. Žiedai įvairių spalvų ir dydžio, vienų rūšių nusvirę, kitų statūs, sukrauti kekėse ar išaugę pavieniui. Apyžiedžio lapeliuose yra nektarinės. Vaisius – dėžutė.',  5);
INSERT INTO flower (name, price, photo, description,  days_to_expire) VALUES ('Narcizas', 0.80, 'narcizas.jfif', 'Amarilinių (Amaryllidaceae) šeimos augalų gentis. Genties pavadinimas kildinamas iš graikų k. žodžio narkao – svaiginu; žiedai turi stiprų svaiginantį kvapą. Daugiamečiai svogūniniai augalai. Stiebas ilgas, belapis, su plėvine makštimi pamate ir linijiškais pamatiniais lapais. Žiedai gana stambūs, pavieniai arba susitelkę po kelis. Sėklos juodos, rutuliškos arba kampuotos.',  5);
INSERT INTO flower (name, price, photo, description,  days_to_expire) VALUES ('Orchidėja', 5.90, 'orchideja.jfif', 'Gegužraibinių (Orchidaceae) šeimos augalų gentis, kuriai priklauso dauguma epifitinių ir kelios litofitinės orchidėjos. Gentį aprašė 1826 m. Bliumė (Blume). Pavadinimas iš gr. phalaina – drugys ir opsis – panašus; kai kurių',  8);
INSERT INTO flower (name, price, photo, description,  days_to_expire) VALUES ('Rožė', 2.00, 'roze.jfif', 'Erškėčių (Rosa) genties dekoratyvinis augalas. Rožės dažnai laikomos dieviškumo, tobulo grožio, o raudonosios – meilės simboliu. Vakarų pasaulyje rožė laikoma kilmingiausia gėle. Jos atskirai ar puokštėse dovanojamos įvairiomis progomis.',  5);
INSERT INTO flower (name, price, photo, description,  days_to_expire) VALUES ('Tulpė', 1.10, 'tulpe.jfif', 'Lelijinių augalų (Liliaceae) gentis. Joms būdingi dideli šešių žiedlapių žiedai. Iš viso yra apie 100 rūšių, Lietuvoje auginamos tik kaip dekoratyviniai augalai, laukinės neauga. Tulpės kilusios iš pietų Europos, Šiaurės Afrikos ir Azijos (nuo Anatolijos ir Irano iki Kinijos ir Japonijos). Daugiausia genties rūšių Pamyro ir Hindukušo kalnuose bei Kazachstano stepėse.',  5);
INSERT INTO configuration (key, value) VALUES ('seller.address', 'Didelė gatvė, 123');
INSERT INTO configuration (key, value) VALUES ('seller.name', 'Bogdan');
INSERT INTO configuration (key, value) VALUES ('seller.contact', 'mail@example.com, tel: 860000000');
INSERT INTO configuration (key, value) VALUES ('admin.contact', 'admin@geles.org');
INSERT INTO configuration (key, value) VALUES ('requestLoggingEnabled', 'true');
INSERT INTO user_flower (user_id, flower_id) VALUES (1, 5);
INSERT INTO user_flower (user_id, flower_id) VALUES (1, 6);
INSERT INTO user_flower (user_id, flower_id) VALUES (1, 10);
INSERT INTO user_flower (user_id, flower_id) VALUES (2, 4);
INSERT INTO user_flower (user_id, flower_id) VALUES (2, 7);
INSERT INTO user_flower (user_id, flower_id) VALUES (2, 10);
INSERT INTO user_flower (user_id, flower_id) VALUES (3, 11);
INSERT INTO user_flower (user_id, flower_id) VALUES (3, 7);
INSERT INTO user_flower (user_id, flower_id) VALUES (3, 3);
INSERT INTO user_flower (user_id, flower_id) VALUES (4, 3);
INSERT INTO user_flower (user_id, flower_id) VALUES (4, 6);
INSERT INTO user_flower (user_id, flower_id) VALUES (4, 7);
INSERT INTO public.orders (address, contact_phone, created_date, order_status, user_id) VALUES ('Gatvė 1', '09130239', '2021-05-08 16:30:35.498000', 0, 3);
INSERT INTO public.orders (address, contact_phone, created_date, order_status, user_id) VALUES ('Gatvė 1', '09130239', '2021-05-08 16:30:35.769000', 1, 2);
INSERT INTO public.orders (address, contact_phone, created_date, order_status, user_id) VALUES ('Gatvė 1', '09130239', '2021-05-03 16:30:35.498000', 1, 3);
INSERT INTO public.orders (address, contact_phone, created_date, order_status, user_id) VALUES ('Gatvė 1', '09130239', '2021-05-02 16:30:35.498000', 2, 3);
INSERT INTO public.orders (address, contact_phone, created_date, order_status, user_id) VALUES ('Gatvė 1', '09130239', '2021-05-07 16:30:35.498000', 4, 3);INSERT INTO public.orders (address, contact_phone, created_date, order_status, user_id) VALUES ('Gatvė 1', '09130239', '2021-05-08 16:30:35.498000', 0, 3);
INSERT INTO public.orders (address, contact_phone, created_date, order_status, user_id) VALUES ('Gatvė 1', '09130239', '2021-05-02 16:30:35.498000', 2, 3);
INSERT INTO public.orders (address, contact_phone, created_date, order_status, user_id) VALUES ('Gatvė 1', '09130239', '2021-05-01 16:30:35.498000', 1, 3);
INSERT INTO public.flower_in_order (quantity, flower_id, order_id) VALUES (50, 10, 1);
INSERT INTO public.flower_in_order (quantity, flower_id, order_id) VALUES (10, 6, 1);
INSERT INTO public.flower_in_order (quantity, flower_id, order_id) VALUES (20, 4, 1);
INSERT INTO public.flower_in_order (quantity, flower_id, order_id) VALUES (10, 6, 2);
INSERT INTO public.flower_in_order (quantity, flower_id, order_id) VALUES (1337, 7, 2);
INSERT INTO public.flower_in_order (quantity, flower_id, order_id) VALUES (10, 6, 3);
INSERT INTO public.flower_in_order (quantity, flower_id, order_id) VALUES (10, 11, 3);
INSERT INTO public.flower_in_order (quantity, flower_id, order_id) VALUES (1337, 3, 3);
INSERT INTO public.flower_in_order (quantity, flower_id, order_id) VALUES (10, 2, 4);
INSERT INTO public.flower_in_order (quantity, flower_id, order_id) VALUES (10, 11, 5);
INSERT INTO public.flower_in_order (quantity, flower_id, order_id) VALUES (1337, 10, 4);
INSERT INTO public.flower_in_order (quantity, flower_id, order_id) VALUES (10, 9, 4);
INSERT INTO public.flower_in_order (quantity, flower_id, order_id) VALUES (10, 7, 4);
INSERT INTO public.flower_in_order (quantity, flower_id, order_id) VALUES (1337, 4, 3);
INSERT INTO public.flower_in_order (quantity, flower_id, order_id) VALUES (10, 2, 7);
INSERT INTO public.flower_in_order (quantity, flower_id, order_id) VALUES (10, 11, 8);
INSERT INTO public.flower_in_order (quantity, flower_id, order_id) VALUES (1337, 10, 5);
INSERT INTO public.flower_in_order (quantity, flower_id, order_id) VALUES (10, 10, 3);
INSERT INTO public.flower_in_order (quantity, flower_id, order_id) VALUES (10, 2, 6);
INSERT INTO public.flower_in_order (quantity, flower_id, order_id) VALUES (10, 01, 6);
INSERT INTO public.flower_in_order (quantity, flower_id, order_id) VALUES (1337, 11, 6);
INSERT INTO public.flower_in_order (quantity, flower_id, order_id) VALUES (10, 10, 6);
INSERT INTO file (name, data) VALUES ('frezija.jfif', lo_import('F:\PSK\AI_Geles\geles_backend\static\flowers\frezija.jfif'));
INSERT INTO file (name, data) VALUES ('gerbera.jfif', lo_import('F:\PSK\AI_Geles\geles_backend\static\flowers\gerbera.jfif'));
INSERT INTO file (name, data) VALUES ('gvazdikas.jfif', lo_import('F:\PSK\AI_Geles\geles_backend\static\flowers\gvazdikas.jfif'));
INSERT INTO file (name, data) VALUES ('hiacintas.jfif', lo_import('F:\PSK\AI_Geles\geles_backend\static\flowers\hiacintas.jfif'));
INSERT INTO file (name, data) VALUES ('kalija.jfif', lo_import('F:\PSK\AI_Geles\geles_backend\static\flowers\kalija.jfif'));
INSERT INTO file (name, data) VALUES ('kardelis.jfif', lo_import('F:\PSK\AI_Geles\geles_backend\static\flowers\kardelis.jfif'));
INSERT INTO file (name, data) VALUES ('lelija.jfif', lo_import('F:\PSK\AI_Geles\geles_backend\static\flowers\lelija.jfif'));
INSERT INTO file (name, data) VALUES ('narcizas.jfif', lo_import('F:\PSK\AI_Geles\geles_backend\static\flowers\narcizas.jfif'));
INSERT INTO file (name, data) VALUES ('orchideja.jfif', lo_import('F:\PSK\AI_Geles\geles_backend\static\flowers\orchideja.jfif'));
INSERT INTO file (name, data) VALUES ('roze.jfif', lo_import('F:\PSK\AI_Geles\geles_backend\static\flowers\roze.jfif'));
INSERT INTO file (name, data) VALUES ('tulpe.jfif', lo_import('F:\PSK\AI_Geles\geles_backend\static\flowers\tulpe.jfif'));